{
    "house1": [
        70.0,
        69.93754560743908,
        69.81409952899855,
        69.76729274368756,
        69.5729520369919,
        69.50688801667921,
        69.7636037470969,
        71.80272388043073,
        74.12113333613985,
        78.50385653343953,
        80.9779095435421,
        83.93510157872235,
        86.54911986660491,
        87.0543316294715,
        87.30632510858959,
        84.89773459889032,
        85.48992318415631,
        83.33567852339063,
        83.77689425956302,
        83.23581821657433,
        76.7593002112651,
        76.97194888754782,
        76.23972425884776,
        74.62600193196279
    ],
    "house2": [
        70.0,
        69.69736651204775,
        69.12644467165455,
        68.73674562086065,
        68.11008457779855,
        67.45934424863387,
        68.73671835625842,
        74.59593950344325,
        79.16664509452092,
        86.84230925601388,
        90.30338457131106,
        94.5303624916093,
        97.15940884902069,
        97.4151470350421,
        97.55746736059379,
        93.79238955668663,
        94.01328291015696,
        90.28631990659768,
        90.41506374352994,
        89.4866511584719,
        81.3976981672501,
        81.48138409503633,
        80.49826544901326,
        78.45401818858136
    ],
    "house3": [
        70.0,
        68.63943754940156,
        66.6124864664466,
        65.36818252583159,
        64.32709996559907,
        62.47832888677689,
        66.496793291546,
        76.96129413629602,
        81.9881530133788,
        89.99688123697842,
        92.99909994802124,
        96.99967030820527,
        98.99993413858837,
        98.99996822612779,
        98.9999804136435,
        94.99998614634684,
        94.99999469759865,
        90.99999785122475,
        90.99999916629413,
        89.99999948315374,
        81.99999440289518,
        81.99999729975886,
        80.99999706674896,
        78.9999921031727
    ],
    "house4": [
        70.0,
        69.81212194108751,
        69.44960263514531,
        69.21599390745855,
        68.77464394907997,
        68.38351921821332,
        69.19470787409912,
        73.50412952675488,
        77.34405284978712,
        84.08564793180322,
        87.42707515812279,
        91.45391099794857,
        94.34238473276862,
        94.77321235908326,
        95.0143836849411,
        91.61207459086994,
        92.03471280528062,
        88.73956061638351,
        89.01733137422731,
        88.2042607247073,
        80.2776651463633,
        80.43698045991697,
        79.50366253235629,
        77.50011111462287
    ]
}